Laura Niebieski laura.niebieski@example.com 123 student
Laura Nowak laura.nowak@example.com haslo student
Radoslaw Zarowka radoslaw.zarowka@example.com haslo student
Genofewa Niebieski genofewa.niebieski@example.com 123 student
Karol Zarowka karol.zarowka@example.com 123 student
Maria Niebieski maria.niebieski@example.com haslo student
Jan Kowalski jan.kowalski@example.com haslo student
Jan Nowak jan.nowak@example.com haslo student
Edek Niebieski edek.niebieski@example.com haslo student
Edek Zarowka edek.zarowka@example.com 123 student
Jan Nowak jan.nowak@example.com haslo student
Genofewa Niebieski genofewa.niebieski@example.com haslo student
Karol Kowalski karol.kowalski@example.com 123 student
Karol Zarowka karol.zarowka@example.com 123 student
Karol Zarowka karol.zarowka@example.com haslo student
Maria Nowak maria.nowak@example.com 123 student
Genofewa Kowalski genofewa.kowalski@example.com 123 student
Maria Niebieski maria.niebieski@example.com haslo student
Edek Niebieski edek.niebieski@example.com 123 student
Maria Niebieski maria.niebieski@example.com 123 student
